420,快递不错
620,质量很好
10120,态度不错
1020,是正品
20520,性价比很高
20420,快递服务好
420,快递不错
620,质量很好
10120,态度不错
1020,是正品
20520,性价比很高
20420,快递服务好
420,快递不错
620,质量很好
10120,态度不错
1020,是正品
20520,性价比很高
20420,快递服务好
420,快递不错
620,质量很好
10120,态度不错
1020,是正品
20520,性价比很高
20420,快递服务好
420,快递不错
620,质量很好
10120,态度不错
1020,是正品
20520,性价比很高
20420,快递服务好
420,快递不错
620,质量很好
10120,态度不错
1020,是正品
20520,性价比很高
20420,快递服务好
420,快递不错
620,质量很好
10120,态度不错
1020,是正品
20520,性价比很高
20420,快递服务好
420,快递不错
620,质量很好
10120,态度不错
1020,是正品
20520,性价比很高
20420,快递服务好
420,快递不错
620,质量很好
10120,态度不错
1020,是正品
20520,性价比很高
20420,快递服务好
420,快递不错
620,质量很好
10120,态度不错
1020,是正品
20520,性价比很高
20420,快递服务好
420,快递不错
620,质量很好
10120,态度不错
1020,是正品
20520,性价比很高
20420,快递服务好
420,快递不错
620,质量很好
10120,态度不错
1020,是正品
20520,性价比很高
20420,快递服务好
420,快递不错
620,质量很好
10120,态度不错
1020,是正品
20520,性价比很高
20420,快递服务好
420,快递不错
620,质量很好
10120,态度不错
1020,是正品
20520,性价比很高
20420,快递服务好
420,快递不错
620,质量很好
10120,态度不错
1020,是正品
20520,性价比很高
20420,快递服务好
420,快递不错
620,质量很好
10120,态度不错
1020,是正品
20520,性价比很高
20420,快递服务好
